= Northern Irish Premiership 2024/25

# Date       Fri Aug/9 2024 - Sat Mar/22 2025 (225d)
# Teams      12
# Matches    198



Matchday 1
[Fri Aug/9]
  19.45  Glentoran FC             0-1 (0-1)  Crusaders FC
[Sat Aug/10]
  15.00  Carrick Rangers          2-0 (2-0)  Glenavon FC
         Dungannon Swifts         1-1 (1-0)  Coleraine FC
         Ballymena United         0-2 (0-0)  Linfield FC
[Sun Aug/11]
  15.00  Cliftonville FC          1-0 (1-0)  Portadown FC


Matchday 2
[Fri Aug/16]
  19.45  Coleraine FC             4-2 (1-1)  Ballymena United
[Sat Aug/17]
  15.00  Portadown FC             1-2 (0-1)  Glentoran FC
         Glenavon FC              1-2 (0-1)  Cliftonville FC
         Linfield FC              3-1 (3-0)  Dungannon Swifts
         Loughgall FC             3-0 (2-0)  Carrick Rangers
[Sun Aug/18]
  Crusaders FC             -  Larne FC


Matchday 3
[Tue Aug/20]
  Carrick Rangers          -  Larne FC
  19.45  Ballymena United         0-1 (0-1)  Crusaders FC
         Loughgall FC             2-2 (1-1)  Portadown FC
         Glenavon FC              0-3 (0-3)  Linfield FC
         Glentoran FC             0-0  Coleraine FC
         Cliftonville FC          1-0 (0-0)  Dungannon Swifts


Matchday 4
[Fri Aug/23]
  19.45  Carrick Rangers          2-3 (1-2)  Glentoran FC
[Sat Aug/24]
  15.00  Linfield FC              5-1 (4-0)  Loughgall FC
  Larne FC                 -  Portadown FC
  15.00  Coleraine FC             0-2 (0-1)  Glenavon FC
         Crusaders FC             1-1 (1-1)  Cliftonville FC
         Dungannon Swifts         1-0 (1-0)  Ballymena United


Matchday 5
[Fri Aug/30]
  19.45  Ballymena United         3-1 (2-1)  Glenavon FC
         Portadown FC             2-2 (1-1)  Linfield FC
[Sat Aug/31]
  15.00  Crusaders FC             2-1 (0-1)  Carrick Rangers
         Glentoran FC             1-0 (1-0)  Cliftonville FC
         Loughgall FC             0-2 (0-1)  Dungannon Swifts
[Sun Sep/1]
  14.15  Coleraine FC             1-1 (1-0)  Larne FC


Matchday 6
[Sat Sep/7]
  15.00  Dungannon Swifts         1-0 (1-0)  Glentoran FC
  Linfield FC              -  Crusaders FC
  15.00  Carrick Rangers          0-1 (0-0)  Portadown FC
         Larne FC                 0-1 (0-0)  Ballymena United
         Glenavon FC              2-2 (0-0)  Loughgall FC


Matchday 7
[Fri Sep/13]
  19.45  Portadown FC             2-1 (0-1)  Dungannon Swifts
[Sat Sep/14]
  15.00  Linfield FC              0-1 (0-0)  Larne FC
         Loughgall FC             1-5 (0-3)  Cliftonville FC
         Ballymena United         1-0 (0-0)  Glentoran FC
         Coleraine FC             3-1 (1-1)  Carrick Rangers
         Crusaders FC             0-1 (0-1)  Glenavon FC


Matchday 8
[Tue Sep/17]
  19.45  Portadown FC             2-2 (0-1)  Coleraine FC
         Glentoran FC             2-0 (1-0)  Loughgall FC
         Carrick Rangers          1-4 (0-2)  Ballymena United
         Cliftonville FC          0-0  Linfield FC
         Dungannon Swifts         1-0 (1-0)  Crusaders FC
         Glenavon FC              0-0  Larne FC


Matchday 9
[Fri Sep/20]
  19.45  Larne FC                 2-0 (1-0)  Glentoran FC
[Sat Sep/21]
  15.00  Glenavon FC              1-1 (0-1)  Dungannon Swifts
         Ballymena United         3-2 (1-1)  Cliftonville FC
         Coleraine FC             2-0 (1-0)  Loughgall FC
         Crusaders FC             0-3 (0-1)  Portadown FC
         Linfield FC              1-0 (0-0)  Carrick Rangers


Matchday 1
[Tue Sep/24]
  19.45  Larne FC                 -  Loughgall FC


Matchday 10
[Fri Sep/27]
  19.45  Cliftonville FC          -  Larne FC
[Sat Sep/28]
  15.00  Dungannon Swifts         -  Carrick Rangers
         Coleraine FC             -  Linfield FC
         Portadown FC             -  Ballymena United
         Glentoran FC             -  Glenavon FC
         Loughgall FC             -  Crusaders FC


Matchday 11
[Fri Oct/4]
  19.45  Linfield FC              -  Glentoran FC
[Sat Oct/5]
  15.00  Carrick Rangers          -  Cliftonville FC
         Ballymena United         -  Loughgall FC
         Glenavon FC              -  Portadown FC
         Crusaders FC             -  Coleraine FC
[Sun Oct/6]
  14.00  Larne FC                 -  Dungannon Swifts


Matchday 12
[Sat Oct/12]
  17.30  Portadown FC             -  Loughgall FC
  15.00  Carrick Rangers          -  Larne FC
         Coleraine FC             -  Cliftonville FC
         Crusaders FC             -  Linfield FC
         Glenavon FC              -  Ballymena United
         Glentoran FC             -  Dungannon Swifts


Matchday 13
[Sat Oct/19]
  15.00  Ballymena United         -  Coleraine FC
         Cliftonville FC          -  Glenavon FC
         Dungannon Swifts         -  Portadown FC
         Glentoran FC             -  Carrick Rangers
         Larne FC                 -  Crusaders FC
         Loughgall FC             -  Linfield FC


Matchday 6
[Tue Oct/22]
  19.45  Cliftonville FC          -  Coleraine FC


Matchday 14
[Sat Oct/26]
  15.00  Crusaders FC             -  Ballymena United
         Dungannon Swifts         -  Loughgall FC
         Glenavon FC              -  Carrick Rangers
         Linfield FC              -  Cliftonville FC
         Portadown FC             -  Larne FC
         Coleraine FC             -  Glentoran FC


Matchday 15
[Sat Nov/2]
  15.00  Ballymena United         -  Portadown FC
         Carrick Rangers          -  Linfield FC
         Cliftonville FC          -  Crusaders FC
         Coleraine FC             -  Dungannon Swifts
         Glentoran FC             -  Larne FC
         Loughgall FC             -  Glenavon FC


Matchday 16
[Sat Nov/9]
  15.00  Dungannon Swifts         -  Cliftonville FC
         Glenavon FC              -  Glentoran FC
         Larne FC                 -  Coleraine FC
         Linfield FC              -  Ballymena United
         Portadown FC             -  Carrick Rangers
         Crusaders FC             -  Loughgall FC


Matchday 17
[Sat Nov/16]
  15.00  Carrick Rangers          -  Crusaders FC
         Cliftonville FC          -  Ballymena United
         Dungannon Swifts         -  Glenavon FC
         Glentoran FC             -  Portadown FC
         Larne FC                 -  Linfield FC
         Loughgall FC             -  Coleraine FC


Matchday 18
[Sat Nov/23]
  15.00  Carrick Rangers          -  Dungannon Swifts
         Cliftonville FC          -  Loughgall FC
         Coleraine FC             -  Crusaders FC
         Glentoran FC             -  Linfield FC
         Portadown FC             -  Glenavon FC
         Ballymena United         -  Larne FC


Matchday 19
[Sat Nov/30]
  15.00  Ballymena United         -  Carrick Rangers
         Crusaders FC             -  Dungannon Swifts
         Glenavon FC              -  Coleraine FC
         Larne FC                 -  Cliftonville FC
         Linfield FC              -  Portadown FC
         Loughgall FC             -  Glentoran FC


Matchday 20
[Sat Dec/7]
  15.00  Cliftonville FC          -  Carrick Rangers
         Coleraine FC             -  Portadown FC
         Dungannon Swifts         -  Linfield FC
         Glenavon FC              -  Crusaders FC
         Glentoran FC             -  Ballymena United
         Loughgall FC             -  Larne FC


Matchday 21
[Sat Dec/14]
  15.00  Carrick Rangers          -  Loughgall FC
         Crusaders FC             -  Glentoran FC
         Larne FC                 -  Glenavon FC
         Linfield FC              -  Coleraine FC
         Portadown FC             -  Cliftonville FC
         Ballymena United         -  Dungannon Swifts


Matchday 22
[Sat Dec/21]
  15.00  Cliftonville FC          -  Glentoran FC
         Carrick Rangers          -  Coleraine FC
         Dungannon Swifts         -  Larne FC
         Linfield FC              -  Glenavon FC
         Loughgall FC             -  Ballymena United
         Portadown FC             -  Crusaders FC


Matchday 23
[Thu Dec/26]
  15.00  Coleraine FC             -  Ballymena United
         Dungannon Swifts         -  Loughgall FC
         Glenavon FC              -  Portadown FC
         Glentoran FC             -  Linfield FC
         Larne FC                 -  Carrick Rangers
         Crusaders FC             -  Cliftonville FC


Matchday 24
[Mon Dec/30]
  19.45  Ballymena United         -  Glenavon FC
         Carrick Rangers          -  Crusaders FC
         Cliftonville FC          -  Dungannon Swifts
         Linfield FC              -  Larne FC
         Loughgall FC             -  Coleraine FC
         Portadown FC             -  Glentoran FC


Matchday 25
[Sat Jan/11]
  15.00  Crusaders FC             -  Dungannon Swifts
         Glenavon FC              -  Coleraine FC
         Larne FC                 -  Cliftonville FC
         Linfield FC              -  Carrick Rangers
         Loughgall FC             -  Portadown FC
         Ballymena United         -  Glentoran FC


Matchday 26
[Sat Jan/18]
  15.00  Carrick Rangers          -  Ballymena United
         Cliftonville FC          -  Loughgall FC
         Coleraine FC             -  Crusaders FC
         Dungannon Swifts         -  Glenavon FC
         Glentoran FC             -  Larne FC
         Portadown FC             -  Linfield FC


Matchday 27
[Sat Jan/25]
  15.00  Dungannon Swifts         -  Coleraine FC
         Glenavon FC              -  Carrick Rangers
         Larne FC                 -  Ballymena United
         Linfield FC              -  Cliftonville FC
         Loughgall FC             -  Glentoran FC
         Crusaders FC             -  Portadown FC


Matchday 28
[Sat Feb/8]
  15.00  Ballymena United         -  Linfield FC
         Carrick Rangers          -  Coleraine FC
         Cliftonville FC          -  Portadown FC
         Glentoran FC             -  Dungannon Swifts
         Larne FC                 -  Crusaders FC
         Loughgall FC             -  Glenavon FC


Matchday 29
[Sat Feb/15]
  15.00  Crusaders FC             -  Ballymena United
         Dungannon Swifts         -  Carrick Rangers
         Glenavon FC              -  Cliftonville FC
         Linfield FC              -  Loughgall FC
         Portadown FC             -  Larne FC
         Coleraine FC             -  Glentoran FC


Matchday 30
[Sat Feb/22]
  15.00  Ballymena United         -  Portadown FC
         Carrick Rangers          -  Loughgall FC
         Cliftonville FC          -  Glentoran FC
         Glenavon FC              -  Crusaders FC
         Larne FC                 -  Dungannon Swifts
         Linfield FC              -  Coleraine FC


Matchday 31
[Sat Mar/8]
  15.00  Crusaders FC             -  Linfield FC
         Dungannon Swifts         -  Ballymena United
         Glentoran FC             -  Glenavon FC
         Loughgall FC             -  Larne FC
         Portadown FC             -  Carrick Rangers
         Coleraine FC             -  Cliftonville FC


Matchday 32
[Sat Mar/15]
  15.00  Ballymena United         -  Cliftonville FC
         Carrick Rangers          -  Glentoran FC
         Crusaders FC             -  Loughgall FC
         Larne FC                 -  Coleraine FC
         Linfield FC              -  Glenavon FC
         Portadown FC             -  Dungannon Swifts


Matchday 33
[Sat Mar/22]
  15.00  Coleraine FC             -  Portadown FC
         Dungannon Swifts         -  Linfield FC
         Glenavon FC              -  Larne FC
         Glentoran FC             -  Crusaders FC
         Loughgall FC             -  Ballymena United
         Cliftonville FC          -  Carrick Rangers
