= Welsh Premier League 2024/25

# Date       Fri Aug/9 2024 - Sat Jan/11 2025 (155d)
# Teams      12
# Matches    132



Matchday 1
[Fri Aug/9]
  19.45  Newtown AFC              4-1 (0-1)  Aberystwyth Town
[Sat Aug/10]
  14.30  Flint Town United        1-2 (1-1)  Cardiff Metropolitan
         Barry Town United        1-1 (1-0)  Bala Town
[Sun Aug/11]
  17.10  Briton Ferry Llansawel AFC  0-2 (0-2)  Penybont FC
  14.30  Connah's Quay Nomads     0-1 (0-0)  Haverfordwest County


Matchday 2
[Fri Aug/16]
  20.00  Aberystwyth Town         1-1 (0-0)  Connah's Quay Nomads
  19.45  Bala Town                2-0 (1-0)  Briton Ferry Llansawel AFC
         Cardiff Metropolitan     1-1 (1-0)  Barry Town United
         Flint Town United        1-4 (0-2)  The New Saints
         Penybont FC              0-0  Newtown AFC
[Sat Aug/17]
  17.15  Caernarfon Town          1-2 (0-0)  Haverfordwest County


Matchday 3
[Fri Aug/23]
  20.00  Aberystwyth Town         1-0 (1-0)  Barry Town United
  19.45  Bala Town                2-0 (1-0)  Flint Town United
         Briton Ferry Llansawel AFC  1-5 (0-2)  Cardiff Metropolitan
         Haverfordwest County     0-0  Penybont FC
         Newtown AFC              0-4 (0-1)  Caernarfon Town


Matchday 4
[Mon Aug/26]
  14.30  Barry Town United        1-2 (1-1)  Newtown AFC
         Penybont FC              5-1 (2-1)  Aberystwyth Town
         Caernarfon Town          0-0  Bala Town
         Cardiff Metropolitan     0-0  Haverfordwest County
         Flint Town United        0-1 (0-0)  Connah's Quay Nomads


Matchday 5
[Fri Aug/30]
  19.45  Haverfordwest County     3-0 (1-0)  Newtown AFC
[Sat Aug/31]
  14.30  Barry Town United        3-2 (0-2)  Flint Town United
         Caernarfon Town          1-2 (1-2)  Cardiff Metropolitan
         Briton Ferry Llansawel AFC  1-5 (1-1)  Connah's Quay Nomads
         Bala Town                1-2 (1-0)  Penybont FC
[Tue Sep/3]
  19.45  The New Saints           2-0 (0-0)  Aberystwyth Town


Matchday 6
[Sat Sep/7]
  14.30  Penybont FC              2-0 (1-0)  Caernarfon Town
         Newtown AFC              1-0 (0-0)  Briton Ferry Llansawel AFC
  17.15  Aberystwyth Town         0-2 (0-1)  Flint Town United
  14.30  Bala Town                0-1 (0-1)  Cardiff Metropolitan
         Connah's Quay Nomads     1-2 (1-0)  Barry Town United
         Haverfordwest County     0-1 (0-1)  The New Saints


Matchday 7
[Fri Sep/13]
  19.45  Bala Town                3-0 (3-0)  Aberystwyth Town
         Newtown AFC              2-1 (1-0)  Cardiff Metropolitan
[Sat Sep/14]
  14.30  Caernarfon Town          3-2 (2-1)  Briton Ferry Llansawel AFC
         Flint Town United        1-0 (0-0)  Haverfordwest County
         The New Saints           4-0 (1-0)  Barry Town United
[Sun Sep/15]
  14.30  Connah's Quay Nomads     0-1 (0-0)  Penybont FC


Matchday 8
[Fri Sep/20]
  19.45  Bala Town                2-2 (1-2)  Newtown AFC
         Penybont FC              2-1 (1-1)  The New Saints
  20.00  Aberystwyth Town         0-3 (0-0)  Haverfordwest County
[Sat Sep/21]
  14.30  Cardiff Metropolitan     2-1 (1-1)  Connah's Quay Nomads
         Briton Ferry Llansawel AFC  1-1 (0-0)  Flint Town United
         Barry Town United        1-1 (1-1)  Caernarfon Town


Matchday 9
[Tue Sep/24]
  20.00  Aberystwyth Town         -  Cardiff Metropolitan
  19.45  Haverfordwest County     -  Barry Town United
         The New Saints           -  Bala Town
         Connah's Quay Nomads     -  Newtown AFC
         Penybont FC              -  Briton Ferry Llansawel AFC
[Wed Sep/25]
  19.45  Flint Town United        -  Caernarfon Town


Matchday 10
[Fri Sep/27]
  19.45  Barry Town United        -  Aberystwyth Town
         Newtown AFC              -  The New Saints
         Haverfordwest County     -  Cardiff Metropolitan
[Sat Sep/28]
  14.30  Flint Town United        -  Penybont FC
         Briton Ferry Llansawel AFC  -  Bala Town
  17.15  Caernarfon Town          -  Connah's Quay Nomads


Matchday 11
[Fri Oct/4]
  19.45  Newtown AFC              -  Flint Town United
         Penybont FC              -  Barry Town United
         Connah's Quay Nomads     -  Aberystwyth Town
         Bala Town                -  Haverfordwest County
[Sat Oct/5]
  14.30  Cardiff Metropolitan     -  Caernarfon Town
[Sun Oct/6]
  14.30  Briton Ferry Llansawel AFC  -  The New Saints


Matchday 1
[Wed Oct/9]
  19.45  The New Saints           -  Caernarfon Town


Matchday 12
[Sat Oct/12]
  14.30  Haverfordwest County     -  Connah's Quay Nomads
         The New Saints           -  Cardiff Metropolitan
         Aberystwyth Town         -  Penybont FC
         Barry Town United        -  Briton Ferry Llansawel AFC
         Caernarfon Town          -  Newtown AFC
         Flint Town United        -  Bala Town


Matchday 13
[Tue Oct/15]
  19.45  Newtown AFC              -  Barry Town United
         The New Saints           -  Flint Town United
         Bala Town                -  Connah's Quay Nomads
         Briton Ferry Llansawel AFC  -  Haverfordwest County
         Caernarfon Town          -  Aberystwyth Town
         Cardiff Metropolitan     -  Penybont FC


Matchday 14
[Fri Oct/25]
  19.45  Aberystwyth Town         -  The New Saints
         Cardiff Metropolitan     -  Newtown AFC
[Sat Oct/26]
  14.30  Penybont FC              -  Bala Town
         Flint Town United        -  Barry Town United
         Haverfordwest County     -  Caernarfon Town
[Sun Oct/27]
  14.30  Connah's Quay Nomads     -  Briton Ferry Llansawel AFC


Matchday 3
[Wed Oct/30]
  19.45  Connah's Quay Nomads     -  The New Saints


Matchday 15
[Fri Nov/1]
  19.45  Briton Ferry Llansawel AFC  -  Aberystwyth Town
[Sat Nov/2]
  14.30  Newtown AFC              -  Bala Town
         Barry Town United        -  The New Saints
         Caernarfon Town          -  Penybont FC
         Connah's Quay Nomads     -  Cardiff Metropolitan
         Haverfordwest County     -  Flint Town United


Matchday 16
[Fri Nov/8]
  19.45  Aberystwyth Town         -  Newtown AFC
[Sat Nov/9]
  14.30  Barry Town United        -  Connah's Quay Nomads
         Cardiff Metropolitan     -  Bala Town
         Penybont FC              -  Flint Town United
         Briton Ferry Llansawel AFC  -  Caernarfon Town
         The New Saints           -  Haverfordwest County


Matchday 17
[Sat Nov/23]
  14.30  The New Saints           -  Penybont FC
         Caernarfon Town          -  Barry Town United
         Cardiff Metropolitan     -  Aberystwyth Town
         Flint Town United        -  Briton Ferry Llansawel AFC
         Haverfordwest County     -  Bala Town
         Newtown AFC              -  Connah's Quay Nomads


Matchday 18
[Tue Dec/3]
  19.45  Bala Town                -  The New Saints
         Barry Town United        -  Cardiff Metropolitan
         Briton Ferry Llansawel AFC  -  Newtown AFC
         Penybont FC              -  Haverfordwest County
         Connah's Quay Nomads     -  Caernarfon Town
[Wed Dec/4]
  19.45  Flint Town United        -  Aberystwyth Town


Matchday 19
[Fri Dec/6]
  19.45  Haverfordwest County     -  Briton Ferry Llansawel AFC
         The New Saints           -  Newtown AFC
[Sat Dec/7]
  14.30  Penybont FC              -  Connah's Quay Nomads
         Aberystwyth Town         -  Caernarfon Town
         Bala Town                -  Barry Town United
         Cardiff Metropolitan     -  Flint Town United


Matchday 4
[Sun Dec/22]
  14.30  The New Saints           -  Briton Ferry Llansawel AFC


Matchday 20
[Thu Dec/26]
  12.30  Cardiff Metropolitan     -  Briton Ferry Llansawel AFC
  14.30  Aberystwyth Town         -  Bala Town
         Caernarfon Town          -  The New Saints
         Connah's Quay Nomads     -  Flint Town United
         Newtown AFC              -  Haverfordwest County
  12.30  Barry Town United        -  Penybont FC


Matchday 21
[Tue Dec/31]
  19.45  The New Saints           -  Connah's Quay Nomads
  12.30  Bala Town                -  Caernarfon Town
[Wed Jan/1]
  14.30  Briton Ferry Llansawel AFC  -  Barry Town United
         Flint Town United        -  Newtown AFC
         Haverfordwest County     -  Aberystwyth Town
         Penybont FC              -  Cardiff Metropolitan


Matchday 22
[Sat Jan/11]
  14.30  Barry Town United        -  Haverfordwest County
         Caernarfon Town          -  Flint Town United
         Cardiff Metropolitan     -  The New Saints
         Connah's Quay Nomads     -  Bala Town
         Newtown AFC              -  Penybont FC
         Aberystwyth Town         -  Briton Ferry Llansawel AFC
