= Belgian First Division A 2024/25

# Date       Fri Jul/26 2024 - Sat Mar/15 2025 (232d)
# Teams      16
# Matches    240



Matchday 1
[Fri Jul/26]
  20.45  Club Brugge KV           1-1 (0-0)  KV Mechelen
[Sat Jul/27]
  18.15  K Beerschot VA           0-0  Oud-Heverlee Leuven
  20.45  RSC Anderlecht           1-0 (0-0)  Sint-Truidense VV
  16.00  FCV Dender EH            0-0  Union Saint-Gilloise
[Sun Jul/28]
  13.30  KRC Genk                 0-0  Standard Liège
  16.00  KV Kortrijk              0-1 (0-0)  KAA Gent
  18.30  Sporting Charleroi       0-1 (0-1)  Royal Antwerp FC
  19.15  KVC Westerlo             3-0 (1-0)  Cercle Brugge


Matchday 2
[Fri Aug/2]
  20.45  Union Saint-Gilloise     3-1 (2-0)  K Beerschot VA
[Sat Aug/3]
  18.15  Oud-Heverlee Leuven      3-1 (2-0)  KRC Genk
  20.45  Sint-Truidense VV        1-4 (0-4)  Sporting Charleroi
  16.00  KV Mechelen              2-4 (0-2)  KVC Westerlo
[Sun Aug/4]
  13.30  Royal Antwerp FC         1-2 (1-1)  RSC Anderlecht
  16.00  Cercle Brugge            1-2 (1-1)  KV Kortrijk
  18.30  Standard Liège           1-0 (0-0)  Club Brugge KV
  19.15  KAA Gent                 1-2 (0-1)  FCV Dender EH


Matchday 3
[Fri Aug/9]
  20.45  Standard Liège           0-0  KV Mechelen
[Sat Aug/10]
  18.15  KVC Westerlo             4-3 (3-1)  Union Saint-Gilloise
  20.45  RSC Anderlecht           1-1 (1-1)  Oud-Heverlee Leuven
  16.00  FCV Dender EH            4-1 (2-1)  KV Kortrijk
[Sun Aug/11]
  13.30  KRC Genk                 3-2 (0-1)  Club Brugge KV
  16.00  Royal Antwerp FC         6-1 (2-0)  Sint-Truidense VV
  18.30  Sporting Charleroi       1-0 (0-0)  KAA Gent
  19.15  Cercle Brugge            4-1 (3-1)  K Beerschot VA


Matchday 4
[Fri Aug/16]
  20.45  Union Saint-Gilloise     1-0 (0-0)  Sporting Charleroi
[Sat Aug/17]
  18.15  Sint-Truidense VV        3-3 (2-1)  FCV Dender EH
  20.45  KV Mechelen              1-3 (1-2)  RSC Anderlecht
  16.00  K Beerschot VA           3-4 (1-3)  KRC Genk
[Sun Aug/18]
  13.30  Club Brugge KV           1-0 (0-0)  Royal Antwerp FC
  16.00  Oud-Heverlee Leuven      1-1 (1-1)  Cercle Brugge
  18.30  KV Kortrijk              1-0 (0-0)  Standard Liège
  19.15  KAA Gent                 4-1 (3-1)  KVC Westerlo


Matchday 5
[Sat Aug/24]
  20.45  Royal Antwerp FC         0-1 (0-1)  KV Mechelen
  18.15  KVC Westerlo             1-1 (1-1)  Oud-Heverlee Leuven
[Sun Aug/25]
  13.30  FCV Dender EH            1-2 (1-2)  Club Brugge KV
  16.00  Sint-Truidense VV        0-0  Union Saint-Gilloise
  18.30  Standard Liège           1-0 (0-0)  K Beerschot VA
  19.15  Sporting Charleroi       1-0 (1-0)  KV Kortrijk


Matchday 6
[Fri Aug/30]
  20.45  KRC Genk                 1-0 (0-0)  KVC Westerlo
[Sat Aug/31]
  18.15  K Beerschot VA           1-2 (0-2)  FCV Dender EH
  20.45  Oud-Heverlee Leuven      2-0 (1-0)  Standard Liège
  16.00  KV Mechelen              5-2 (3-2)  Sporting Charleroi
[Sun Sep/1]
  19.15  KV Kortrijk              1-1 (0-1)  Sint-Truidense VV
  18.30  Union Saint-Gilloise     0-0  RSC Anderlecht
  13.30  Club Brugge KV           3-0 (2-0)  Cercle Brugge
  16.00  KAA Gent                 1-1 (1-1)  Royal Antwerp FC


Matchday 7
[Fri Sep/13]
  20.45  FCV Dender EH            0-2 (0-1)  Standard Liège
[Sat Sep/14]
  18.15  KV Kortrijk              0-3 (0-1)  Club Brugge KV
  16.00  Cercle Brugge            2-3 (2-2)  KRC Genk
  20.45  RSC Anderlecht           2-2 (1-1)  KVC Westerlo
[Sun Sep/15]
  19.15  KAA Gent                 2-0 (2-0)  KV Mechelen
  16.00  Sint-Truidense VV        2-1 (1-0)  Oud-Heverlee Leuven
  13.30  Royal Antwerp FC         2-0 (0-0)  Union Saint-Gilloise
  18.30  Sporting Charleroi       3-0 (1-0)  K Beerschot VA


Matchday 5
[Tue Sep/17]
  20.00  RSC Anderlecht           0-2 (0-1)  KRC Genk


Matchday 8
[Fri Sep/20]
  20.45  Standard Liège           0-0  Union Saint-Gilloise
[Sat Sep/21]
  20.45  RSC Anderlecht           0-0  Sporting Charleroi
  16.00  K Beerschot VA           0-3 (0-1)  Sint-Truidense VV
  18.15  KVC Westerlo             1-2 (1-1)  Royal Antwerp FC
[Sun Sep/22]
  19.15  Oud-Heverlee Leuven      1-1 (0-0)  KV Kortrijk
  13.30  Club Brugge KV           2-4 (0-2)  KAA Gent
  16.00  KV Mechelen              2-0 (1-0)  Cercle Brugge
  18.30  KRC Genk                 4-0 (1-0)  FCV Dender EH


Matchday 5
[Thu Sep/26]
  20.45  Cercle Brugge            2-1 (0-0)  KAA Gent


Matchday 9
[Fri Sep/27]
  20.45  Sporting Charleroi       1-1 (0-0)  Club Brugge KV
[Sat Sep/28]
  18.15  Standard Liège           1-2 (0-1)  KVC Westerlo
  20.45  FCV Dender EH            1-1 (0-1)  RSC Anderlecht
  16.00  KRC Genk                 2-1 (0-0)  KV Mechelen
[Sun Sep/29]
  13.30  Royal Antwerp FC         5-0 (1-0)  K Beerschot VA
  16.00  Union Saint-Gilloise     3-0 (1-0)  KV Kortrijk
  18.30  KAA Gent                 3-0 (2-0)  Oud-Heverlee Leuven
  19.15  Cercle Brugge            1-1 (1-0)  Sint-Truidense VV


Matchday 10
[Fri Oct/4]
  20.45  KVC Westerlo             2-2 (0-1)  K Beerschot VA
[Sat Oct/5]
  18.15  KV Kortrijk              2-1 (2-1)  KRC Genk
  20.45  FCV Dender EH            1-0 (1-0)  Sporting Charleroi
  16.00  KV Mechelen              5-0 (2-0)  Oud-Heverlee Leuven
[Sun Oct/6]
  13.30  RSC Anderlecht           3-0 (2-0)  Standard Liège
  16.00  Royal Antwerp FC         -  Cercle Brugge
  18.30  Club Brugge KV           -  Union Saint-Gilloise
  19.15  Sint-Truidense VV        -  KAA Gent


Matchday 11
[Fri Oct/18]
  20.45  K Beerschot VA           -  RSC Anderlecht
[Sat Oct/19]
  18.15  Cercle Brugge            -  FCV Dender EH
  20.45  Union Saint-Gilloise     -  KAA Gent
  16.00  KVC Westerlo             -  Club Brugge KV
[Sun Oct/20]
  13.30  KRC Genk                 -  Sint-Truidense VV
  16.00  Oud-Heverlee Leuven      -  Royal Antwerp FC
  18.30  Standard Liège           -  Sporting Charleroi
  19.15  KV Mechelen              -  KV Kortrijk


Matchday 12
[Fri Oct/25]
  20.45  KV Kortrijk              -  K Beerschot VA
[Sat Oct/26]
  16.00  Sporting Charleroi       -  Oud-Heverlee Leuven
  18.15  FCV Dender EH            -  KV Mechelen
  20.45  Sint-Truidense VV        -  KVC Westerlo
[Sun Oct/27]
  16.00  Royal Antwerp FC         -  Standard Liège
  18.30  KAA Gent                 -  KRC Genk
  19.15  Union Saint-Gilloise     -  Cercle Brugge
  13.30  Club Brugge KV           -  RSC Anderlecht


Matchday 13
[Fri Nov/1]
  20.45  KVC Westerlo             -  FCV Dender EH
[Sat Nov/2]
  16.00  Standard Liège           -  Sint-Truidense VV
  18.15  Oud-Heverlee Leuven      -  Club Brugge KV
  20.45  KV Mechelen              -  Union Saint-Gilloise
[Sun Nov/3]
  16.00  Cercle Brugge            -  Sporting Charleroi
  18.30  RSC Anderlecht           -  KV Kortrijk
  19.15  K Beerschot VA           -  KAA Gent
  13.30  KRC Genk                 -  Royal Antwerp FC


Matchday 14
[Fri Nov/8]
  20.45  Sint-Truidense VV        -  KV Mechelen
[Sat Nov/9]
  16.00  KV Kortrijk              -  Royal Antwerp FC
  18.15  FCV Dender EH            -  Oud-Heverlee Leuven
  20.45  Sporting Charleroi       -  KVC Westerlo
[Sun Nov/10]
  16.00  KAA Gent                 -  Standard Liège
  18.30  Union Saint-Gilloise     -  KRC Genk
  19.15  K Beerschot VA           -  Club Brugge KV
  13.30  Cercle Brugge            -  RSC Anderlecht


Matchday 15
[Fri Nov/22]
  20.45  Royal Antwerp FC         -  FCV Dender EH
[Sat Nov/23]
  16.00  Club Brugge KV           -  Sint-Truidense VV
  18.15  Standard Liège           -  Cercle Brugge
  20.45  KRC Genk                 -  Sporting Charleroi
[Sun Nov/24]
  16.00  Oud-Heverlee Leuven      -  Union Saint-Gilloise
  18.30  RSC Anderlecht           -  KAA Gent
  19.15  KVC Westerlo             -  KV Kortrijk
  13.30  KV Mechelen              -  K Beerschot VA


Matchday 16
[Fri Nov/29]
  20.45  KV Kortrijk              -  KV Mechelen
[Sat Nov/30]
  20.45  Sporting Charleroi       -  Standard Liège
  18.15  Club Brugge KV           -  FCV Dender EH
[Sun Dec/1]
  13.30  Sint-Truidense VV        -  KRC Genk
  16.00  K Beerschot VA           -  Cercle Brugge
         Oud-Heverlee Leuven      -  RSC Anderlecht
  18.30  Union Saint-Gilloise     -  Royal Antwerp FC
  19.15  KVC Westerlo             -  KAA Gent


Matchday 17
[Sat Dec/7]
  18.15  Standard Liège           -  Oud-Heverlee Leuven
         KV Mechelen              -  Club Brugge KV
  20.45  KAA Gent                 -  Sint-Truidense VV
  16.00  KRC Genk                 -  KV Kortrijk
[Sun Dec/8]
  13.30  Royal Antwerp FC         -  Sporting Charleroi
  16.00  Cercle Brugge            -  Union Saint-Gilloise
  18.30  RSC Anderlecht           -  K Beerschot VA
  19.15  FCV Dender EH            -  KVC Westerlo


Matchday 18
[Fri Dec/13]
  20.45  KV Mechelen              -  Royal Antwerp FC
[Sat Dec/14]
  18.15  Oud-Heverlee Leuven      -  Sporting Charleroi
  20.45  KV Kortrijk              -  FCV Dender EH
  16.00  K Beerschot VA           -  Standard Liège
[Sun Dec/15]
  13.30  Club Brugge KV           -  KRC Genk
  16.00  Union Saint-Gilloise     -  KVC Westerlo
  18.30  Sint-Truidense VV        -  RSC Anderlecht
  19.15  KAA Gent                 -  Cercle Brugge


Matchday 19
[Fri Dec/20]
  20.45  KVC Westerlo             -  KV Mechelen
[Sat Dec/21]
  18.15  FCV Dender EH            -  Royal Antwerp FC
  20.45  K Beerschot VA           -  KV Kortrijk
  16.00  Sporting Charleroi       -  Sint-Truidense VV
[Sun Dec/22]
  13.30  KRC Genk                 -  RSC Anderlecht
  16.00  Standard Liège           -  KAA Gent
  18.30  Union Saint-Gilloise     -  Club Brugge KV
  19.15  Cercle Brugge            -  Oud-Heverlee Leuven


Matchday 20
[Thu Dec/26]
  16.00  Club Brugge KV           -  KVC Westerlo
         KV Kortrijk              -  Sporting Charleroi
  18.30  KV Mechelen              -  Standard Liège
  20.45  KAA Gent                 -  Union Saint-Gilloise
  13.30  Royal Antwerp FC         -  KRC Genk
[Fri Dec/27]
  20.45  RSC Anderlecht           -  FCV Dender EH
         Sint-Truidense VV        -  Cercle Brugge
  18.30  Oud-Heverlee Leuven      -  K Beerschot VA


Matchday 21
[Sat Jan/11]
  RSC Anderlecht           -  Club Brugge KV
  KRC Genk                 -  Oud-Heverlee Leuven
  Standard Liège           -  KV Kortrijk
  K Beerschot VA           -  Royal Antwerp FC
  Cercle Brugge            -  KV Mechelen
  KVC Westerlo             -  Sint-Truidense VV
  Sporting Charleroi       -  Union Saint-Gilloise
  FCV Dender EH            -  KAA Gent


Matchday 22
[Sat Jan/18]
  Union Saint-Gilloise     -  Oud-Heverlee Leuven
  KAA Gent                 -  Sporting Charleroi
  Royal Antwerp FC         -  KVC Westerlo
  KV Kortrijk              -  RSC Anderlecht
  KV Mechelen              -  KRC Genk
  Sint-Truidense VV        -  Standard Liège
  FCV Dender EH            -  Cercle Brugge
  Club Brugge KV           -  K Beerschot VA


Matchday 23
[Sat Jan/25]
  Club Brugge KV           -  KV Kortrijk
  RSC Anderlecht           -  KV Mechelen
  Standard Liège           -  FCV Dender EH
  K Beerschot VA           -  Union Saint-Gilloise
  Oud-Heverlee Leuven      -  KAA Gent
  Sint-Truidense VV        -  Royal Antwerp FC
  KVC Westerlo             -  KRC Genk
  Sporting Charleroi       -  Cercle Brugge


Matchday 24
[Sat Feb/1]
  KRC Genk                 -  K Beerschot VA
  KAA Gent                 -  RSC Anderlecht
  Royal Antwerp FC         -  Club Brugge KV
  KV Kortrijk              -  KVC Westerlo
  Cercle Brugge            -  Standard Liège
  Oud-Heverlee Leuven      -  KV Mechelen
  Sporting Charleroi       -  FCV Dender EH
  Union Saint-Gilloise     -  Sint-Truidense VV


Matchday 25
[Sat Feb/8]
  Club Brugge KV           -  Oud-Heverlee Leuven
  RSC Anderlecht           -  Royal Antwerp FC
  KRC Genk                 -  Cercle Brugge
  KV Kortrijk              -  Union Saint-Gilloise
  K Beerschot VA           -  Sporting Charleroi
  KV Mechelen              -  KAA Gent
  KVC Westerlo             -  Standard Liège
  FCV Dender EH            -  Sint-Truidense VV


Matchday 26
[Sat Feb/15]
  KAA Gent                 -  K Beerschot VA
  Royal Antwerp FC         -  KV Kortrijk
  Standard Liège           -  KRC Genk
  Cercle Brugge            -  KVC Westerlo
  Oud-Heverlee Leuven      -  FCV Dender EH
  Sint-Truidense VV        -  Club Brugge KV
  Sporting Charleroi       -  RSC Anderlecht
  Union Saint-Gilloise     -  KV Mechelen


Matchday 27
[Sat Feb/22]
  Club Brugge KV           -  Standard Liège
  RSC Anderlecht           -  Union Saint-Gilloise
  KRC Genk                 -  KAA Gent
  Royal Antwerp FC         -  Oud-Heverlee Leuven
  KV Kortrijk              -  Cercle Brugge
  KV Mechelen              -  Sint-Truidense VV
  KVC Westerlo             -  Sporting Charleroi
  FCV Dender EH            -  K Beerschot VA


Matchday 28
[Sat Mar/1]
  KAA Gent                 -  Club Brugge KV
  Standard Liège           -  RSC Anderlecht
  K Beerschot VA           -  KV Mechelen
  Cercle Brugge            -  Royal Antwerp FC
  Oud-Heverlee Leuven      -  KVC Westerlo
  Sint-Truidense VV        -  KV Kortrijk
  Sporting Charleroi       -  KRC Genk
  Union Saint-Gilloise     -  FCV Dender EH


Matchday 29
[Sat Mar/8]
  Union Saint-Gilloise     -  Standard Liège
  Royal Antwerp FC         -  KAA Gent
  KV Kortrijk              -  Oud-Heverlee Leuven
  Cercle Brugge            -  Club Brugge KV
  Sint-Truidense VV        -  K Beerschot VA
  KVC Westerlo             -  RSC Anderlecht
  Sporting Charleroi       -  KV Mechelen
  FCV Dender EH            -  KRC Genk


Matchday 30
[Sat Mar/15]
  RSC Anderlecht           -  Cercle Brugge
  KRC Genk                 -  Union Saint-Gilloise
  KAA Gent                 -  KV Kortrijk
  Standard Liège           -  Royal Antwerp FC
  K Beerschot VA           -  KVC Westerlo
  Oud-Heverlee Leuven      -  Sint-Truidense VV
  KV Mechelen              -  FCV Dender EH
  Club Brugge KV           -  Sporting Charleroi
